<?xml version="1.0" encoding="UTF-8"?>
<project-private xmlns="http://www.netbeans.org/ns/project-private/1">
    <editor-bookmarks xmlns="http://www.netbeans.org/ns/editor-bookmarks/2" lastBookmarkId="0"/>
    <open-files xmlns="http://www.netbeans.org/ns/projectui-open-files/2">
        <group>
            <file>file:/C:/Users/USER/Documents/NetBeansProjects/Ims2/MSI/src/Images/cash.png</file>
            <file>file:/C:/Users/USER/Documents/NetBeansProjects/Ims2/MSI/src/Model/MUserAccount.java</file>
            <file>file:/C:/Users/USER/Documents/NetBeansProjects/Ims2/MSI/src/View/VCheckStock.java</file>
            <file>file:/C:/Users/USER/Documents/NetBeansProjects/Ims2/MSI/src/Images/2910163.png</file>
            <file>file:/C:/Users/USER/Documents/NetBeansProjects/Ims2/MSI/src/Model/MRequestLeave.java</file>
            <file>file:/C:/Users/USER/Documents/NetBeansProjects/Ims2/MSI/src/View/AdminReports.java</file>
            <file>file:/C:/Users/USER/Documents/NetBeansProjects/Ims2/MSI/src/View/ProductManagement.java</file>
            <file>file:/C:/Users/USER/Documents/NetBeansProjects/Ims2/MSI/src/Model/MPetty.java</file>
            <file>file:/C:/Users/USER/Documents/NetBeansProjects/Ims2/MSI/src/View/VSalesProgress.java</file>
            <file>file:/C:/Users/USER/Documents/NetBeansProjects/Ims2/MSI/src/Model/MReport.java</file>
            <file>file:/C:/Users/USER/Documents/NetBeansProjects/Ims2/MSI/src/Controller/CExpense.java</file>
            <file>file:/C:/Users/USER/Documents/NetBeansProjects/Ims2/MSI/src/View/VSendFeedBack.java</file>
            <file>file:/C:/Users/USER/Documents/NetBeansProjects/Ims2/MSI/src/View/VSendFeedBackCashier.java</file>
            <file>file:/C:/Users/USER/Documents/NetBeansProjects/Ims2/MSI/src/View/VSalary.java</file>
            <file>file:/C:/Users/USER/Documents/NetBeansProjects/Ims2/MSI/src/Images/css.png</file>
            <file>file:/C:/Users/USER/Documents/NetBeansProjects/Ims2/MSI/src/Model/MProduct.java</file>
            <file>file:/C:/Users/USER/Documents/NetBeansProjects/Ims2/MSI/src/Model/EAR.jrxml</file>
            <file>file:/C:/Users/USER/Documents/NetBeansProjects/Ims2/MSI/src/View/VExpenceReport.java</file>
            <file>file:/C:/Users/USER/Documents/NetBeansProjects/Ims2/MSI/src/View/VRequestLeavePm.java</file>
            <file>file:/C:/Users/USER/Documents/NetBeansProjects/Ims2/MSI/src/Model/EMR.jrxml</file>
            <file>file:/C:/Users/USER/Documents/NetBeansProjects/Ims2/MSI/src/View/VViewUserAcount.java</file>
            <file>file:/C:/Users/USER/Documents/NetBeansProjects/Ims2/MSI/src/Model/MOrder.java</file>
            <file>file:/C:/Users/USER/Documents/NetBeansProjects/Ims2/MSI/src/Images/arrow-circle-right-icon-2048x2048-3qikwvvj.png</file>
            <file>file:/C:/Users/USER/Documents/NetBeansProjects/Ims2/MSI/src/View/VCustomerPayemnt.java</file>
            <file>file:/C:/Users/USER/Documents/NetBeansProjects/Ims2/MSI/src/View/VBulkOrder.java</file>
            <file>file:/C:/Users/USER/Documents/NetBeansProjects/Ims2/MSI/src/View/VLeaveStetusSm.java</file>
            <file>file:/C:/Users/USER/Documents/NetBeansProjects/Ims2/MSI/src/Model/MLogin.java</file>
            <file>file:/C:/Users/USER/Documents/NetBeansProjects/Ims2/MSI/src/Controller/CCustomer.java</file>
            <file>file:/C:/Users/USER/Documents/NetBeansProjects/Ims2/MSI/src/View/VSupplier.java</file>
            <file>file:/C:/Users/USER/Documents/NetBeansProjects/Ims2/MSI/src/View/VpettyCash.java</file>
            <file>file:/C:/Users/USER/Documents/NetBeansProjects/Ims2/MSI/src/View/VRequestLeaveHr.java</file>
            <file>file:/C:/Users/USER/Documents/NetBeansProjects/Ims2/MSI/src/View/VSendFeedBackStockManager.java</file>
            <file>file:/C:/Users/USER/Documents/NetBeansProjects/Ims2/MSI/src/View/VrequestLeavecashier.java</file>
            <file>file:/C:/Users/USER/Documents/NetBeansProjects/Ims2/MSI/src/Model/ExpenseReport1.jrxml</file>
            <file>file:/C:/Users/USER/Documents/NetBeansProjects/Ims2/MSI/src/Controller/COrder.java</file>
            <file>file:/C:/Users/USER/Documents/NetBeansProjects/Ims2/MSI/src/Images/free-sign-out-icon-3300-thumb.png</file>
            <file>file:/C:/Users/USER/Documents/NetBeansProjects/Ims2/MSI/src/Images/user.png</file>
            <file>file:/C:/Users/USER/Documents/NetBeansProjects/Ims2/MSI/src/View/VInvoice.java</file>
            <file>file:/C:/Users/USER/Documents/NetBeansProjects/Ims2/MSI/src/View/VOrderReport.java</file>
            <file>file:/C:/Users/USER/Documents/NetBeansProjects/Ims2/MSI/src/View/VProductRepot.java</file>
            <file>file:/C:/Users/USER/Documents/NetBeansProjects/Ims2/MSI/src/Images/E.M.Sons.png</file>
            <file>file:/C:/Users/USER/Documents/NetBeansProjects/Ims2/MSI/src/Images/st.png</file>
            <file>file:/C:/Users/USER/Documents/NetBeansProjects/Ims2/MSI/src/View/VStockManagerDashboard.java</file>
            <file>file:/C:/Users/USER/Documents/NetBeansProjects/Ims2/MSI/src/View/VReciveFeedback.java</file>
            <file>file:/C:/Users/USER/Documents/NetBeansProjects/Ims2/MSI/src/View/VStock.java</file>
            <file>file:/C:/Users/USER/Documents/NetBeansProjects/Ims2/MSI/src/Controller/CUserAccount.java</file>
            <file>file:/C:/Users/USER/Documents/NetBeansProjects/Ims2/MSI/src/View/VRequestLeavesm.java</file>
            <file>file:/C:/Users/USER/Documents/NetBeansProjects/Ims2/MSI/src/View/VAdminFeedback.java</file>
            <file>file:/C:/Users/USER/Documents/NetBeansProjects/Ims2/MSI/src/View/VRequestLeaveStockManger.java</file>
            <file>file:/C:/Users/USER/Documents/NetBeansProjects/Ims2/MSI/src/View/VLeaveStetuscashier.java</file>
            <file>file:/C:/Users/USER/Documents/NetBeansProjects/Ims2/MSI/src/View/VEmployeeDetails.java</file>
            <file>file:/C:/Users/USER/Documents/NetBeansProjects/Ims2/MSI/src/Controller/CReport.java</file>
            <file>file:/C:/Users/USER/Documents/NetBeansProjects/Ims2/MSI/src/View/VSendFeedBackpm.java</file>
            <file>file:/C:/Users/USER/Documents/NetBeansProjects/Ims2/MSI/src/View/VProductManagerDashboard.java</file>
            <file>file:/C:/Users/USER/Documents/NetBeansProjects/Ims2/MSI/src/Model/MStock.java</file>
            <file>file:/C:/Users/USER/Documents/NetBeansProjects/Ims2/MSI/src/Images/Ad.png</file>
            <file>file:/C:/Users/USER/Documents/NetBeansProjects/Ims2/MSI/src/Images/1321938.png</file>
            <file>file:/C:/Users/USER/Documents/NetBeansProjects/Ims2/MSI/src/View/LoginPage.java</file>
            <file>file:/C:/Users/USER/Documents/NetBeansProjects/Ims2/MSI/src/Images/pm.png</file>
            <file>file:/C:/Users/USER/Documents/NetBeansProjects/Ims2/MSI/src/Images/cashi.png</file>
            <file>file:/C:/Users/USER/Documents/NetBeansProjects/Ims2/MSI/src/View/VLeaveStetusStockManager.java</file>
            <file>file:/C:/Users/USER/Documents/NetBeansProjects/Ims2/MSI/src/View/VCashierdashboard.java</file>
            <file>file:/C:/Users/USER/Documents/NetBeansProjects/Ims2/MSI/src/View/VLeaveStetusHr.java</file>
            <file>file:/C:/Users/USER/Documents/NetBeansProjects/Ims2/MSI/src/View/VOrder.java</file>
            <file>file:/C:/Users/USER/Documents/NetBeansProjects/Ims2/MSI/src/View/VHrDashboard.java</file>
            <file>file:/C:/Users/USER/Documents/NetBeansProjects/Ims2/MSI/src/Controller/CStock.java</file>
            <file>file:/C:/Users/USER/Documents/NetBeansProjects/Ims2/MSI/src/View/VSendFeedBacksm.java</file>
            <file>file:/C:/Users/USER/Documents/NetBeansProjects/Ims2/MSI/src/View/VCheckStockCashier.java</file>
            <file>file:/C:/Users/USER/Documents/NetBeansProjects/Ims2/MSI/src/Model/SAR.jrxml</file>
            <file>file:/C:/Users/USER/Documents/NetBeansProjects/Ims2/MSI/src/View/VUserAcount.java</file>
            <file>file:/C:/Users/USER/Documents/NetBeansProjects/Ims2/MSI/src/View/VCheckProductQty.java</file>
            <file>file:/C:/Users/USER/Documents/NetBeansProjects/Ims2/MSI/src/View/VHrLeaveAccept.java</file>
            <file>file:/C:/Users/USER/Documents/NetBeansProjects/Ims2/MSI/src/View/VAdminDashboard.java</file>
            <file>file:/C:/Users/USER/Documents/NetBeansProjects/Ims2/MSI/src/View/VCheckBulkOrderCashire.java</file>
            <file>file:/C:/Users/USER/Documents/NetBeansProjects/Ims2/MSI/src/View/VStockReport.java</file>
            <file>file:/C:/Users/USER/Documents/NetBeansProjects/Ims2/MSI/src/Images/ex.png</file>
            <file>file:/C:/Users/USER/Documents/NetBeansProjects/Ims2/MSI/src/Model/EWR.jrxml</file>
            <file>file:/C:/Users/USER/Documents/NetBeansProjects/Ims2/MSI/src/View/VCustomer.java</file>
            <file>file:/C:/Users/USER/Documents/NetBeansProjects/Ims2/MSI/src/Images/product-management-12.png</file>
            <file>file:/C:/Users/USER/Documents/NetBeansProjects/Ims2/MSI/src/View/VSalesManagerDashboard.java</file>
            <file>file:/C:/Users/USER/Documents/NetBeansProjects/Ims2/MSI/src/View/VreturnOrder.java</file>
            <file>file:/C:/Users/USER/Documents/NetBeansProjects/Ims2/MSI/src/View/VSendFeedBackHr.java</file>
            <file>file:/C:/Users/USER/Documents/NetBeansProjects/Ims2/MSI/src/View/VCheckOrder.java</file>
            <file>file:/C:/Users/USER/Documents/NetBeansProjects/Ims2/MSI/src/Images/cs.png</file>
            <file>file:/C:/Users/USER/Documents/NetBeansProjects/Ims2/MSI/src/View/VEmployeLeaveStatus.java</file>
            <file>file:/C:/Users/USER/Documents/NetBeansProjects/Ims2/MSI/src/View/VNetProfit.java</file>
            <file>file:/C:/Users/USER/Documents/NetBeansProjects/Ims2/MSI/src/View/VTotalsales.java</file>
            <file>file:/C:/Users/USER/Documents/NetBeansProjects/Ims2/MSI/src/View/VExpence.java</file>
            <file>file:/C:/Users/USER/Documents/NetBeansProjects/Ims2/MSI/src/View/VPayment.java</file>
            <file>file:/C:/Users/USER/Documents/NetBeansProjects/Ims2/MSI/src/Images/E.M.Sons.jpg</file>
            <file>file:/C:/Users/USER/Documents/NetBeansProjects/Ims2/MSI/src/Images/hr.png</file>
        </group>
    </open-files>
</project-private>
